<?xml version="1.0" encoding="ISO-8859-1" ?>

<HWK:HSPCOLLECTION xmlns:HWK="http://www.siemens.com/industry/automation/hwkonfig" HWK:schemaLocation="http://www.siemens.com/industry/automation/hwkonfig/xsd">

   <HWK:HSPELEMENT>
      <HWK:OBJECTNAME> CPU 410-5H </HWK:OBJECTNAME>
      <HWK:OBJECTID> 0243 </HWK:OBJECTID>
      <HWK:FILENAME> s7h0243x.hsps </HWK:FILENAME>
      <HWK:MLFB> 6ES7 410-5HX08-0AB0 </HWK:MLFB>
      <HWK:FIRMWARE> V8.0 </HWK:FIRMWARE>
      <HWK:STEP7VERSION> K5.5.3.0 </HWK:STEP7VERSION>
      <HWK:HSPVERSION> V1.2 </HWK:HSPVERSION>
      <HWK:INCREMENT> V01.02.00.00_02.01.00.01 </HWK:INCREMENT>
      <HWK:COMMENT>  </HWK:COMMENT>
   </HWK:HSPELEMENT>

   <HWK:HSPELEMENT>
      <HWK:OBJECTNAME> CPU 410 SMART </HWK:OBJECTNAME>
      <HWK:OBJECTID> 0247 </HWK:OBJECTID>
      <HWK:FILENAME> s7h0247x.hsps </HWK:FILENAME>
      <HWK:MLFB> 6ES7 410-5HN08-0AB0 </HWK:MLFB>
      <HWK:FIRMWARE> V8.0 </HWK:FIRMWARE>
      <HWK:STEP7VERSION> K5.5.3.0 </HWK:STEP7VERSION>
      <HWK:HSPVERSION> V1.2 </HWK:HSPVERSION>
      <HWK:INCREMENT> V01.02.00.00_02.01.00.01 </HWK:INCREMENT>
      <HWK:COMMENT>  </HWK:COMMENT>
   </HWK:HSPELEMENT>

   <HWK:HSPELEMENT>
      <HWK:OBJECTNAME> ET 200PA SMART IM </HWK:OBJECTNAME>
      <HWK:OBJECTID> 0248 </HWK:OBJECTID>
      <HWK:FILENAME> s7h0248x.hsps </HWK:FILENAME>
      <HWK:MLFB> 6ES7 650-8PH00-?AA0 </HWK:MLFB>
      <HWK:FIRMWARE>  </HWK:FIRMWARE>
      <HWK:STEP7VERSION> K5.5.4.8 </HWK:STEP7VERSION>
      <HWK:HSPVERSION> V2.0 </HWK:HSPVERSION>
      <HWK:INCREMENT> V02.00.00.00_02.01.00.01 </HWK:INCREMENT>
      <HWK:COMMENT> ET 200PA SMART IM </HWK:COMMENT>
      <HWK:COMMENT_A> ET 200PA SMART IM </HWK:COMMENT_A>
      <HWK:COMMENT_C> ET 200PA SMART IM </HWK:COMMENT_C>
      <HWK:COMMENT_D> ET 200PA SMART IM </HWK:COMMENT_D>
      <HWK:COMMENT_E> ET 200PA SMART IM </HWK:COMMENT_E>
      <HWK:COMMENT_J> ET 200PA SMART IM </HWK:COMMENT_J>
   </HWK:HSPELEMENT>

   <HWK:HSPELEMENT>
      <HWK:OBJECTNAME> ET 200PA SMART I/O </HWK:OBJECTNAME>
      <HWK:OBJECTID> 0249 </HWK:OBJECTID>
      <HWK:FILENAME> s7h0249x.hsps </HWK:FILENAME>
      <HWK:MLFB> 6ES7 650-8???0-?AA0 </HWK:MLFB>
      <HWK:FIRMWARE>  </HWK:FIRMWARE>
      <HWK:STEP7VERSION> K5.5.4.0 </HWK:STEP7VERSION>
      <HWK:HSPVERSION> V2.2 </HWK:HSPVERSION>
      <HWK:INCREMENT> V02.02.00.00_01.01.00.01 </HWK:INCREMENT>
      <HWK:COMMENT> ET 200PA SMART I/O </HWK:COMMENT>
      <HWK:COMMENT_A> ET 200PA SMART I/O </HWK:COMMENT_A>
      <HWK:COMMENT_C> ET 200PA SMART I/O </HWK:COMMENT_C>
      <HWK:COMMENT_D> ET 200PA SMART I/O </HWK:COMMENT_D>
      <HWK:COMMENT_E> ET 200PA SMART I/O </HWK:COMMENT_E>
      <HWK:COMMENT_J> ET 200PA SMART I/O </HWK:COMMENT_J>
   </HWK:HSPELEMENT>

   <HWK:HSPELEMENT>
      <HWK:OBJECTNAME> CPU 410-5H </HWK:OBJECTNAME>
      <HWK:OBJECTID> 0252 </HWK:OBJECTID>
      <HWK:FILENAME> s7h0252x.hsps </HWK:FILENAME>
      <HWK:MLFB> 6ES7 410-5HX08-0AB0 </HWK:MLFB>
      <HWK:FIRMWARE> V8.1 </HWK:FIRMWARE>
      <HWK:STEP7VERSION> K5.5.4.0 </HWK:STEP7VERSION>
      <HWK:HSPVERSION> V1.1 </HWK:HSPVERSION>
      <HWK:INCREMENT> V01.01.00.00_02.01.00.01 </HWK:INCREMENT>
      <HWK:COMMENT>  </HWK:COMMENT>
   </HWK:HSPELEMENT>

</HWK:HSPCOLLECTION>
